INSERT INTO members (username, firstname, lastname, email, password, is_dj, is_admin, donated)
VALUES ('rbooker', 'Ryan', 'Booker', 'ryan.m.booker@gmail.com', '$2b$12$AZH7virni5jlTTiGgEg4zu3lSvAw68qVEfSIOjJ3RqtbJbdW/Oi5q',  TRUE, TRUE, FALSE),
       ('jbelock', 'Joe', 'Belock', 'j.belock@gmail.com', '$2b$12$AZH7virni5jlTTiGgEg4zu3lSvAw68qVEfSIOjJ3RqtbJbdW/Oi5q', TRUE, FALSE, TRUE),
       ('jmcgasko', 'Jim', 'McGasko', 'j.mcgasko@gmail.com', '$2b$12$AZH7virni5jlTTiGgEg4zu3lSvAw68qVEfSIOjJ3RqtbJbdW/Oi5q', TRUE, FALSE, TRUE),
       ('mwarwick', 'Mike', 'Warwick', 'm.warwick@gmail.com', '$2b$12$AZH7virni5jlTTiGgEg4zu3lSvAw68qVEfSIOjJ3RqtbJbdW/Oi5q', TRUE, FALSE, TRUE),
       ('pmurphy', 'Patrick', 'Murphy', 'p.murphy@gmail.com', '$2b$12$AZH7virni5jlTTiGgEg4zu3lSvAw68qVEfSIOjJ3RqtbJbdW/Oi5q', TRUE, FALSE, TRUE),
       ('edavies', 'Edward', 'Davies', 'e.davies@gmail.com', '$2b$12$AZH7virni5jlTTiGgEg4zu3lSvAw68qVEfSIOjJ3RqtbJbdW/Oi5q', TRUE, FALSE, TRUE),
       ('bsmith', 'Bob', 'Smith', 'b.smith@gmail.com', '$2b$12$AZH7virni5jlTTiGgEg4zu3lSvAw68qVEfSIOjJ3RqtbJbdW/Oi5q', TRUE, FALSE, TRUE),
       ('froberti', 'Fabio', 'Roberti', 'f.roberti@gmail.com','$2b$12$AZH7virni5jlTTiGgEg4zu3lSvAw68qVEfSIOjJ3RqtbJbdW/Oi5q', TRUE, FALSE, TRUE),
       ('cmiller', 'Chris', 'Miller', 'c.miller@gmail.com', '$2b$12$AZH7virni5jlTTiGgEg4zu3lSvAw68qVEfSIOjJ3RqtbJbdW/Oi5q', TRUE, FALSE, TRUE),
       ('sbertram', 'Sam', 'Bertram', 's.bertram@gmail.com', '$2b$12$AZH7virni5jlTTiGgEg4zu3lSvAw68qVEfSIOjJ3RqtbJbdW/Oi5q', TRUE, FALSE, TRUE),
       ('wjamison', 'William', 'Jamison', 'w.jamison@gmail.com', '$2b$12$AZH7virni5jlTTiGgEg4zu3lSvAw68qVEfSIOjJ3RqtbJbdW/Oi5q', TRUE, FALSE, TRUE),
       ('fwine', 'Fineas', 'Wine', 'f.wine@gmail.com', '$2b$12$AZH7virni5jlTTiGgEg4zu3lSvAw68qVEfSIOjJ3RqtbJbdW/Oi5q', TRUE, FALSE, TRUE),
       ('jpotter', 'James', 'Potter', 'j.potter@gmail.com', '$2b$12$AZH7virni5jlTTiGgEg4zu3lSvAw68qVEfSIOjJ3RqtbJbdW/Oi5q', TRUE, FALSE, TRUE),
       ('bdavis', 'Bette', 'Davis', 'b.davis@gmail.com', '$2b$12$AZH7virni5jlTTiGgEg4zu3lSvAw68qVEfSIOjJ3RqtbJbdW/Oi5q', TRUE, FALSE, TRUE),
       ('shotten', 'Suzanne', 'Hotten', 's.hotten@gmail.com', '$2b$12$AZH7virni5jlTTiGgEg4zu3lSvAw68qVEfSIOjJ3RqtbJbdW/Oi5q', TRUE, FALSE, TRUE);

INSERT INTO shows (dj_id, dj_name, show_name, day_of_week, show_time, img_url, description)
VALUES (1, 'R Spaceman', 'The Space Program',  5, '14:00:00', '/images/space_program.jpeg', 'Psychedelic and avant-garde music from the 1960s until the present. Dedicated to contemporary and classic psychedelic rock, Krautrock & Kosmische, shoegaze, drone, stoner metal, space rock, post-rock, 4th World, far-out jazz, avant-garde composition, and all other forms of spaced-out music.'),
(2, 'Joe Belock', 'Three Chord Monte',  5, '16:00:00', '/images/three_chord_monte.jpg', 'The Citizen Kane of adult entertainment. Hang it out to dry. Singles going nowhere! Herd indignity. On the way home. A shot in the arm. And now back to your regularly scheduled programming.'),
(3, 'Joe McG', 'Surface Noise',  6, '10:00:00', '/images/surface_noise.gif', 'A pennant-winning battery of songland. Dare to be Different. Cross-eyed flamingo down all the days. Forecast: folky with a chance of rock. November at your door. Plotting a curve.'),
(4, 'Matt W', 'Garbage Time', 6, '12:00:00', '/images/garbage_time.png', 'Official Crumb Cake Capital of the World. Baby, baby, baby! Oh man how we miss transitions. Do not ask what your garbage can do for you, ask what you can do for your garbage. A tangent about nothing. Come by and listen to it with me.'),
(5, 'Creamo Coyl', 'Spin Age Blasters', 0, '16:00:00', '/images/spin_age.jpg', 'Its time to fall out the window with me. Forces of silence eberywhere. Regenerating disco sabotaged. I remember nothing. Miles to go before I leap. Redundance deficiency porn. Soundtrack for opening theme. Sudden amnesia commotion.'),
(6, 'Evan Funk', 'The Evan Funk Show', 0, '20:00:00', '/images/evan_funk.png', 'Rediscover forgotten rockers, revisit unfairly maligned disco beats and replay power-pop favorites. All bangers, all the time. This is not farewell. Nothing special. Play ball!'),
(7, 'DJ Becky', 'Honky Tonk Radio Girl', 1, '14:00:00', '/images/honky_tonk_girl.jpg', 'Twangs of all stripes and stuff that ends in -billy. What good will it do? cCigarettes and coffee blues. Back up buddy, dont step on my dog. Say its not you. I got blues on my mind.'),
(8, 'Fabio', 'Strength Through Failure', 1, '20:00:00', '/images/failure.jpg', 'The failure of noise. The failure of sound. The failure of rock. The failure of the avant-garde. The failure of jazz. The failure of psychedelia. The failure of Krautrock. The failure of electronic. The failure of pop. The failure of free-form. The failure of the entire 20th Century.'),
(9, 'Clay Pigeon', 'Wake', 2, '06:00:00', '/images/wake.jpg', 'Sonically forcing caffeine directly into your bloodstream. Marvelous Mondays. Discount tattoo Tuesdays. Weird Wednesdays. Slovenly Thursdays. Fantastic Fridays. Back to the abacus at Jimmy Hoffas grave.'),
(10, 'Sheila B', 'Sophisticated Boom Boom', 2, '10:00:00', '/images/boom_boom.jpg', 'Female-fronted pop from the past, present, and future; from all over the globe. It must be jelly cause jam dont shake like that . Me and my knife. Darling effect. Housewife of the year. Something cool. Smooth sailing.'),
(11, 'Billy Jam', 'Put The Needle On The Record', 3, '16:00:00', '/images/needle.jpg', 'Hip-hop and rap, thats where my hearts at. But Ill play anything that isnt crap. NWA. The ugly and the beautiful. One fucking way. You not believing. Til the break of dawn. Sparkling apple juice. Working from home.'),
(12, 'Mr. Fine Wine', 'Downtown Soulville', 3, '18:00:00', '/images/soulville.jpg', 'Two hours a week of soul 45s. I feel like dancin. Thunder in my heart. If I had my way. If I didnt know better. Downtown ghoulville, fabulous New York. Joy when I think about him. I dont need no information. Try again tomorrow.'),
(13, 'Jim the Poet', 'Bad Animals', 3, '20:00:00', '/images/bad_animals.jpg', 'Songs and sounds to delight a wide variety of animals. The penguins are up to something. Get a hug from a dinosaur. Apologies to all the bunnies listening. Spiders! Coming through your radio! Cats versus dogs: the ultimate pet throwdown.'),
(14, 'Brian D', 'Currents', 4, '20:00:00', '/images/currents.jpg', 'Music inspired by life and current events. Death to the fascist insect that preys upon the life of the people. Would you rather be burnt or drowned. I hear the atmorphere is toxic. Trauma is not a competition. Extra time.'),
(15, 'Suzy Hotrod', 'Rock And Roller Derby', 4, '22:00:00', '/images/derby.png', 'Rock and roll, punk, and things with a good beat that make you dance, sweat, and/or punch something. Screamers howlers, growlers and woos. A menu of rock and rolls sweet, salty and savory. Get flavor bombed!');

INSERT INTO member_favorites (member_id, show_id)
VALUES (1,1),
(1,8),
(1,12);

INSERT INTO playlists (date, description)
VALUES ('2021-11-12', 'The November 12th edition of the Space Program'),
       ('2021-11-19', 'The November 19th edition of the Space Program'),
       ('2021-11-26', 'The November 26th edition of the Space Program'),
('2021-11-12', 'The November 12th edition of Three Chord Monte'),
('2021-11-19', 'The November 19th edition of Three Chord Monte'),
('2021-11-26', 'The November 26th edition of Three Chord Monte'),
('2021-11-13', 'The November 13th edition of Surface Noise'),
('2021-11-20', 'The November 20th edition of Surface Noise'),
('2021-11-27', 'The November 27th edition of Surface Noise'),
('2021-11-13', 'The November 13th edition of Garbage Time'),
('2021-11-20', 'The November 20th edition of Garbage Time'),
('2021-11-27', 'The November 27th edition of Garbage Time'),
('2021-11-14', 'The November 14th edition of Spin Age Blasters'),
('2021-11-21', 'The November 21st edition of Spin Age Blasters'),
('2021-11-28', 'The November 28th edition of Spin Age Blasters'),
('2021-11-14', 'The November 14th edition of The Evan Funk Show'),
('2021-11-21', 'The November 21st edition of The Evan Funk Show'),
('2021-11-28', 'The November 28th edition of The Evan Funk Show'),
('2021-11-08', 'The November 8th edition of Honky Tonk Radio Girl'),
('2021-11-15', 'The November 15th edition of Honky Tonk Radio Girl'),
('2021-11-22', 'The November 22nd edition of Honky Tonk Radio Girl'),
('2021-11-08', 'The November 8th edition of Strength Through Failure'),
('2021-11-15', 'The November 15st edition of Strength Through Failure'),
('2021-11-22', 'The November 22nd edition of Strength Through Failure'),
('2021-11-09', 'The November 9th edition of Wake'),
('2021-11-16', 'The November 16th edition of Wake'),
('2021-11-23', 'The November 23rd edition of Wake'),
('2021-11-09', 'The November 9th edition of Sophisticated Boom Boom'),
('2021-11-16', 'The November 16th edition of Sophisticated Boom Boom'),
('2021-11-23', 'The November 23rd edition of Sophisticated Boom Boom'),
('2021-11-10', 'The November 10th edition of Put The Needle On The Record'),
('2021-11-17', 'The November 17th edition of Put The Needle On The Record'),
('2021-11-24', 'The November 24th edition of Put The Needle On The Record'),
('2021-11-10', 'The November 10th edition of Downtown Soulville'),
('2021-11-17', 'The November 17th edition of Downtown Soulville'),
('2021-11-24', 'The November 24th edition of Downtown Soulville'),
('2021-11-10', 'The November 10th edition of Bad Animals'),
('2021-11-17', 'The November 17th edition of Bad Animals'),
('2021-11-24', 'The November 24th edition of Bad Animals'),
('2021-11-11', 'The November 11th edition of Currents'),
('2021-11-18', 'The November 18th edition of Currents'),
('2021-11-25', 'The November 25th edition of Currents'),
('2021-11-11', 'The November 11th edition of Rock And Roller Derby'),
('2021-11-18', 'The November 18th edition of Rock And Roller Derby'),
('2021-11-25', 'The November 25th edition of Rock And Roller Derby');

INSERT INTO show_playlists (show_id, playlist_id)
VALUES (1, 1),
       (1, 2),
       (1, 3),
(2,4),
(2,5),
(2,6),
(3,7),
(3,8),
(3,9),
(4,10),
(4,11),
(4,12),
(5,13),
(5,14),
(5,15),
(6,16),
(6,17),
(6,18),
(7,19),
(7,20),
(7,21),
(8,22),
(8,23),
(8,24),
(9,25),
(9,26),
(9,27),
(10,28),
(10,29),
(10,30),
(11,31),
(11,32),
(11,33),
(12,34),
(12,35),
(12,36),
(13,37),
(13,38),
(13,39),
(14,40),
(14,41),
(14,42),
(15,43),
(15,44),
(15,45);


INSERT INTO songs (artist, title, album)
VALUES ('Endless Boogie', 'The Offender', 'Admonitions'),
       ('Electric Eye', 'Our Water Is On Fire', 'Horizons'),
       ('Meatbodies', 'Let Go (333)', '333'),
       ('Grouper', 'Disordered Minds', 'Shade'),
       ('Felicity Mangan', 'Echo Harp 1 - Hohner Echo Harp', 'Bell Metal Reeds'),
       ('Andra Ljos', 'Drowned To Escape Apollo', 'Fountain of Inspiration'),
       ('Ocean Moon', 'Golden Prism', 'Adventures in the Rainbow Vortex'),
       ('Jonas Munk', 'Terrain Vague', 'Altered Light'),
       ('Ben Chasny', 'Water Dragon', 'The Intimate Landscape'),
       ('New Mexican Stargazers', 'Interstate Bliss Interlude', 'Highway Dreamscape'),
       ('Lomond Campbell', 'Fifths', 'LUP'),
       ('Bitchin Bajas', 'Space Is The Place', 'Switched-On Ra'),
       ('Steve Roach & Michael Stearns', 'Impelled', 'Beyond Earth & Sky'),
       ('Kristof Hahn', 'Vogelfluhlinie', 'Six Pieces'),
       ('A Space for Sound', 'Sometimes Underwater (Feels Like Home)', 'Sometimes Underwater (Feels Like Home)'),
       
('Dummy','Punk Product #4','Mandatory Enjoyment'),
('La Luz','I Wont Hesitate','La Luz'),
('The Cake','I Know','I Know'),
('Sleater-Kinney','Bring Mercy','Path of Wellness'),
('Jamila Woods','In My Name','HEAVN'),
('Kendra Morris','Who We Are','Who We Are'),
('Daryl Hall & John Oates','Nothing At All','Daryl Hall & John Oates (The Silver Album)'),
('Dean Wareham','The Last Word','I Have Nothing to Say to the Mayor of L.A.'),
('Luna','Still At Home','Rendezvous'),
('Lewsberg','Getting Closer','In Your Hands'),
('Parquet Courts','Sympathy For Life','Sympathy For Life'),
('Screensaver','No Movement','Expressions of Interest'),
('Dentist','Let Me Let Go','Let Me Let Go'),
('Acid Dad','Smile Youre On Camera','Take It From The Dead'),
('Summer Twins','Florence','Limbo'),

('Carson Robison and the Pleasant Valley Boys','Plumb Aggravatin Aint It','Life Gits Tee-Jus Dont It?'),
('Hank Williams','Just Waitin','The Complete Hank Williams'),
('Sophie Tucker','Im As Modern As Tomorrow and As Old As Yesterday','Bigger and Better Than Ever'),
('Eddie Lawrence','The Deejays Philosopher','Eddie "The Old Philosopher" Lawrence'),
('Louis Jordan & His Tympany Five','Look Out','Jivin with Jordan'),
('Al "Jazzbo" Collins','Jazzbos Theory','Al "Jazzbo" Collins Tells Fairy Tales for Hip Kids'),
('Pearl Bailey','You Can Be Replaced','Pearl Bailey Sings for Adults Only'),
('Tex Williams & His Western Caravan','Suspicion','Vintage Collections'),
('Johnny Messner and His Orchestra','She Had to Go and Lose It at the Astor','She Had to Go and Lose It at the Astor'),
('The Limiñanas/Laurent Garnier','Promenade Oblique','De Pelicula'),
('Joy Crookes','When You Were Mine','Skin'),
('Hamish Hawk','The Mauritian Badminton Champion, 1973','Heavy Elevator'),
('Jarvis Cocker','I Will Kill Again','JARVIS'),
('The Divine Comedy','Life on Mars','Rarities'),
('Martina Topley Bird','Rain','Forever I Wait'),

('The Family Vibes','Garbage Man','Garbage Man'),
('Little Bob and the Lollipops','Nobody But You','Nobody But You'),
('ST 37','Fishbowl Dream','Glare'),
('Vangelis','The Dragon',' The Dragon'),
('Kikagaku Moyo','In A Coil','Stone Garden'),
('David Paul','Every Christian Lion Hearted Man Will Show You','Songs Recorded in Strange Places'),
('J.K. & Co.','Fly (Live)','Live in San Francisco'),
('Sensations Fix','Visions Fugitives: The Crowd','Visions Fugitives'),
('Performing Ferret Band','Disco One (II)','LP'),
('David Nance','River With No Color','Negative Boogie'),
('Neil Young','Down By The River','Live At the Filmore East'),
('Don Felder','Heavy Metal (Takin a Ride)','Heavy Metal OST'),
('Blue Öyster Cult','Im on the Lamb, But I Aint No Sheep','Blue Öyster Cult'),
('Impalers','Cellar Dweller 3','Cellar Dweller'),
('Brainbombs','If You See My Face','Inferno'),

('Allen Ravenstine','Going Upriver','Electron Music'),
('Carl Stone','Pasjoli','Stolen Car'),
('Bhajan Bhoy','For Robbie Basho','That Summer Oh Creator! EP'),
('Country Joe And The Fish','Section 43','Section 43'),
('Your Heterosexual Violence','Incredible Story','Incredible Story'),
('The Urge','Baby Talk','Baby Talk'),
('The Zits','Euh Baby Euh','Back In Blackhead'),
('The 49 Americans','Move Around All Day','The Hit Album'),
('The Generics','Piv','Cost Cutter EP'),
('Pulsallama','Rhythm Method + Trash','Pulsallama'),
('Violet Circuit','Ash Wedding Wednesday','Ash Wedding Wednesday'),
('Thee Mystery Trend ','Count Down','Count Down'),
('The USAisaMonster','Rapido Amigo','Amikwag'),
('We Wild Blood','Drinking On Trains','Vicious Virtues'),
('Sweet Williams','Sleeper','That What You Hit'),

('Wild Tone','A Certainty','Wild Tone'),
('Night Beats','Stand With Me','Myth of a Man'),
('Mike Krol','Blue and Pink','Power Chords'),
('Simon F','American Dream','Never Never Land'),
('Italia 90','Loud Wars','II'),
('Anemone','Sunshine (Back to the Start)','Beat My Distance'),
('Desert Ships','Cloudy Skies','Eastern Flow'),
('CAVE','The Juan','Allways'),
('Prins Obi & The Dream Warriors','Negative People','Prins Obi & The Dream Warriors'),
('Savak','Bad Omen','Beg Your Pardon'),
('The Proper Ornaments','Please Release Me','6 Lenins'),
('Jacco Gardner','Eclipse','Somnium'),
('Sharon Van Etten','Seventeen','Remind Me Tomorrow'),
('Robin Lane & The Chartbusters','Many Years Ago','Many Years Ago'),
('Piroshka','Village of the Damned','Brickbat'),

('The Cow Town Band','Little Black Book','Little Black Book'),
('Mel Price and His Santa Fe Rangers','No Half Way Love','No Half Way Love'),
('L.C. Smith','Im Old Kentucky Bound','Im Old Kentucky Bound'),
('Boots Woodall and the Wranglers','I Might Have Been (But I Aint Gonna Be)','I Might Have Been (But I Aint Gonna Be)'),
('Leon McAuliffe','Juke Box','Juke Box'),
('Doc Williams and His Orchestra','You Tip-Toed Into My Heart','You Tip-Toed Into My Heart'),
('Bop-A-Loos','South Parkway Mambo','South Parkway Mambo'),
('Allen Fontenot','Webb Pierce Blues','Webb Pierce Blues'),
('Jody Irvin','Generation Gap','Generation Gap'),
('Roger Miller','Muppets Medley','Muppets Medley'),
('Jerry Lee Lewis','Lewis Boogie','Lewis Boogie'),
('Hank Locklin','Theres More Pretty Girls Than One','The Girls Get Prettier'),
('Rose Mae La Pointe','Phantom Buffalo','Phantom Buffalo'),
('Red Simpson','Johnny Law','The Man Behind The Badge'),
('Bill Price','This Old Lonesome Town','This Old Lonesome Town'),

('Deuter','Krishan Eating Fish and Chips','D'),
('Kiila','Pollo Tulkin Mietteet','Tuota Tuota'),
('Captain Beefheart & The Magic Band','Electricity','Safe as Milk'),
('Cozmic Corridors','Dark Path','Cozmic Corridors'),
('Rifo','Leaf','Betel'),
('Samaritan Quell','The Fight','Samaritan Quell'),
('Erlend Apneseth Trio','Linjer','Lokk'),
('Louis Laurain','Satellites for Nawel','Pulses, Pipes, Patterns'),
('Spontaneous Music Orchestra','Sustained Piece','Mouthpiece'),
('Cloudland Canyon/Lichens','Babylon','Exterminating Angels'),
('DNA','Not Moving','DNA On DNA'),
('Circle X','Underworld','Circle X'),
('Teenage Jesus & The Jerks','I Woke Up Dreaming','Shut Up and Bleed'),
('Interference','Interlude 2','Interference'),
('James Chance & The Contortions','Designed to Kill','Buy Contortions'),

('Wooden Shjips','Already Gone','V'),
('Fruit Bats','The Balcony','The Pet Parade'),
('Heavenly','C Is The Heavenly Option','Le Jardin de Heavenly'),
('Safia Nolin','Mourir Au Large','Mourir au Large'),
('Brenda Lee','Coming On Strong','Brenda Lee'),
('Jonathan Richman & The Modern Lovers','Astral Plane','The Modern Lovers'),
('The Exbats','Coolsville USA','Now Where Were We'),
('Lee Moses','Never In My Life','Time and Place'),
('Pylon','Buzz','Chomp'),
('Donna Blue','Arlene','Donna Blue (II)'),
('Big Thief','Certainty','Dragon New Warm Mountain I Believe In You'),
('Cat Power','Nude As The News','What Would The Community Think'),
('Haiku Henry','Tree Farm: A Haiku','Haiku Henry'),
('Syd Barrett','Wined and Dined','Barrett'),
('Dinner','Midnight In My Head','Dream Work'),

('Zerrin Özer','Oldugumde Mezarima Gelirmisin','Mutluluklar Dilerim'),
('Lush','Light From a Dead Star','Split'),
('Nailah Hunter','Talk Show Host','Quietude EP'),
('Ruthann Friedman','Pipers Call','Constant Companion'),
('Eboni Band','Fasso (The Motherhood)','Eboni Band'),
('Tania Maria','Funky Tamborim','Love Explosion'),
('Luna Li','Baby Shred','Jams EP'),
('Girl Ray','Give Me Your Love','Girl Ray'),
('The Ferris Wheel','I Cant Breath The Habit','She Wants You!'),
('Esah & The Boys','Suasana Riang','Esah & The Boys'),
('Akiko Nakamura','Namida No Mori No Monogatari','Akiko Nakamura'),
('Cats Eyes','Moth','The Duke of Burgundy'),
('Lady Blackbird','Collage','Lady Blackbird'),
('Colleen','Implosion – Explosion','The Tunnel and The Clearing'),
('Szaio','W Naszym Domu','Obraz'),

('Mvnitou','Day 7','Day 7'),
('Arsun Fist','1460 Days','1460 Days'),
('Big Sammy','Boogie Boyz','Refrigerator Perry'),
('Bru Lei','Dilla','Dilla'),
('Choosey & Exile','Low Low','Low Low'),
('Senor GiGiO','Home Is Where The Sacred Is','The Tree of Life'),
('Quelle Chris','Obamacare','Guns'),
('Effigy Seed','808 Samba','Effigy Seed'),
('Nejma Nefertiti','Jo (Dear Momma)','#Emcee'),
('Sadomas','Bris To Salonika','Bris To Salonika'),
('Dope Knife','Grumpy Old Man','Grumpy Old Man'),
('Freddie Black & Barry Means','B4','B4'),
('Slim One','Just Do It','Just Do It'),
('Sahtyre','Bruce Wayne','Bruce Wayne'),
('Certain.Ones','Bad Chemist','Bad Chemist'),

('Sidney Sharp','AstroNut','AstroNut'),
('The Click-Clacks','Rocket Roll','Rocket Roll'),
('Connie Allen/Todd Rhodes Orchestra','Rocket 69','Rocket 69'),
('Phil Waddell','Rocket Walk','Rocket Walk'),
('Little Willie John','Mr. Glenn','Mr. Glenn'),
('The Intimates','Doing The Orbit','Doing The Orbit'),
('Young John Watson','Space Guitar','Space Guitar'),
('The Drivers','Mr. Astronaut','Mr. Astronaut'),
('Aaron Neville','Space Man','Space Man'),
('Chris Kenner','Rocket to the Moon','Rocket to the Moon'),
('Robert Parker','Twistin Out in Space','Twistin Out in Space'),
('The Moon Man','The Moon Man is Back','The Moon Man is Back'),
('Freddie Williams & The Shindigs','Dont Go to Mars, Stay Home','Dont Go to Mars, Stay Home'),
('Rufus Wonder & The Additions','Under the Moon','Under the Moon'),
('Joy Lovejoy','In Orbit','In Orbit'),

('The Cramps','Can Your Pussy Do The Dog?','The Cramps'),
('Pulp','Dogs Are Everywhere','It'),
('David Bowie','Diamond Dogs','Diamond Dogs'),
('Lola Belle','Keyboard Improv','Lola Belle'),
('The Stooges','I Wanna Be Your Dog','The Stooges'),
('Hank Williams','Move It Over','Move It Over'),
('RxckStxr','Puppy Dog Bouncin in a Box','RxckStxr'),
('Nada Surf','Meow Meow Lullaby','Nada Surf'),
('The Kinks','Phenomenal Cat','The Kinks'),
('Mean Flow','Cat-Mare Song','Pussification'),
('Janes Addiction','My Cats Name is Maceo','Demos'),
('The New Dimensions','Cat on a Hot Foam Board','The New Dimensions'),
('Detroit Cobras','Leave My Kitten Alone','Detroit Cobras'),
('Jason Hull and Matt Sandstrom','Meow Mix Metal','Meow Mix Metal'),
('Front 242','Felines','Front 242'),

('Thin Lizzy','Dancing in the Moonlight','Peel Sessions'),
('The Guess Who','No Sugar Tonight/New Mother Nature','The Best of the Guess Who'),
('Sly and the Family Stone','Hot Fun in the Summertime','Greatest Hits'),
('Richard Hell and the Voidoids','Walking on the Water','Blank Generation'),
('Minutemen','Nature Without Man','Double Nickels on the Dime'),
('PJ Harvey','Down by the Water','To Bring You My Love'),
('Parquet Courts','Before the Water Gets Too High','Wide Awake!'),
('Terence Blanchard','Wading Through','A Tale of Gods Will (A Requieum for Katrina)'),
('Velvet Underground','White Light/White Heat','Peel Slowly and See'),
('Morphine','Rope on Fire','The Night'),
('Ty Segall','Jump Into The Fire','Segall Smeagol'),
('Nick Cave & The Bad Seeds','Babe Im on Fire','Nocturama'),
('Kevin Morby','A Night at the Little Los Angeles','Sundowner'),
('Leonard Cohen','Who By Fire','The Essential Leonard Cohen'),
('David Bowie','Wild Is The Wind','Bowie at the Beeb'),

('Gang of Four','Naturals Not In It','Entertainment'),
('Sonic Youth','The Sprawl','Daydream Nation'),
('American Music Club','Hello Amsterdam','San Francisco'),
('Bjork','Declare Independence','Volta'),
('Johnny Boy','You Bought More Shoes','Johnny Boy'),
('Bikini Kill','New Radio','The Singles'),
('Sleater-Kinney','A Real Man','Sleater-Kinney'),
('Ignition','Anger Means','State of the Union'),
('Firewater','The Beat Goes On','Songs We Should Have Written'),
('Jello Biafra','Pledge of Allegiance','I Blow Minds For a Living'),
('Tricky','Black Steel','Maxinqaye'),
('The Clash','Straight to Hell','Combat Rock'),
('Faith No More','War Pigs','The Real Thing'),
('Fugazi','Repeater','Repeater'),
('Isley Brothers','Ohio/Machine Gun','Givin It Back');

INSERT INTO playlist_songs (playlist_id, song_id, song_order)
VALUES (1,1,1),
(1,2,2),
(1,3,3),
(1,4,4),
(1,5,5),
(1,6,6),
(1,7,7),
(1,8,8),
(1,9,9),
(1,10,10),
(1,11,11),
(1,12,12),
(1,13,13),
(1,14,14),
(1,15,15),
(2,13,1),
(2,2,2),
(2,1,3),
(2,4,4),
(2,11,5),
(2,10,6),
(2,9,7),
(2,7,8),
(2,15,9),
(2,3,10),
(2,8,11),
(2,12,12),
(2,14,13),
(2,5,14),
(2,6,15),
(3,15,1),
(3,7,2),
(3,9,3),
(3,3,4),
(3,8,5),
(3,10,6),
(3,12,7),
(3,11,8),
(3,14,9),
(3,4,10),
(3,5,11),
(3,13,12),
(3,2,13),
(3,6,14),
(3,1,15),
(4,16,1),
(4,17,2),
(4,18,3),
(4,19,4),
(4,20,5),
(4,21,6),
(4,22,7),
(4,23,8),
(4,24,9),
(4,25,10),
(4,26,11),
(4,27,12),
(4,28,13),
(4,29,14),
(4,30,15),
(5,28,1),
(5,17,2),
(5,16,3),
(5,19,4),
(5,26,5),
(5,25,6),
(5,24,7),
(5,22,8),
(5,30,9),
(5,18,10),
(5,23,11),
(5,27,12),
(5,29,13),
(5,20,14),
(5,21,15),
(6,30,1),
(6,22,2),
(6,24,3),
(6,18,4),
(6,23,5),
(6,25,6),
(6,27,7),
(6,26,8),
(6,29,9),
(6,19,10),
(6,20,11),
(6,28,12),
(6,17,13),
(6,21,14),
(6,16,15),
(7,31,1),
(7,32,2),
(7,33,3),
(7,34,4),
(7,35,5),
(7,36,6),
(7,37,7),
(7,38,8),
(7,39,9),
(7,40,10),
(7,41,11),
(7,42,12),
(7,43,13),
(7,44,14),
(7,45,15),
(8,43,1),
(8,32,2),
(8,31,3),
(8,34,4),
(8,41,5),
(8,40,6),
(8,39,7),
(8,37,8),
(8,45,9),
(8,33,10),
(8,38,11),
(8,42,12),
(8,44,13),
(8,35,14),
(8,36,15),
(9,45,1),
(9,37,2),
(9,39,3),
(9,33,4),
(9,38,5),
(9,40,6),
(9,42,7),
(9,41,8),
(9,44,9),
(9,34,10),
(9,35,11),
(9,43,12),
(9,32,13),
(9,36,14),
(9,31,15),
(10,46,1),
(10,47,2),
(10,48,3),
(10,49,4),
(10,50,5),
(10,51,6),
(10,52,7),
(10,53,8),
(10,54,9),
(10,55,10),
(10,56,11),
(10,57,12),
(10,58,13),
(10,59,14),
(10,60,15),
(11,58,1),
(11,47,2),
(11,46,3),
(11,49,4),
(11,56,5),
(11,55,6),
(11,54,7),
(11,52,8),
(11,60,9),
(11,48,10),
(11,53,11),
(11,57,12),
(11,59,13),
(11,50,14),
(11,51,15),
(12,60,1),
(12,52,2),
(12,54,3),
(12,48,4),
(12,53,5),
(12,55,6),
(12,57,7),
(12,56,8),
(12,59,9),
(12,49,10),
(12,50,11),
(12,58,12),
(12,47,13),
(12,51,14),
(12,46,15),
(13,61,1),
(13,62,2),
(13,63,3),
(13,64,4),
(13,65,5),
(13,66,6),
(13,67,7),
(13,68,8),
(13,69,9),
(13,70,10),
(13,71,11),
(13,72,12),
(13,73,13),
(13,74,14),
(13,75,15),
(14,73,1),
(14,62,2),
(14,61,3),
(14,64,4),
(14,71,5),
(14,70,6),
(14,69,7),
(14,67,8),
(14,75,9),
(14,63,10),
(14,68,11),
(14,72,12),
(14,74,13),
(14,65,14),
(14,66,15),
(15,75,1),
(15,67,2),
(15,69,3),
(15,63,4),
(15,68,5),
(15,70,6),
(15,72,7),
(15,71,8),
(15,74,9),
(15,64,10),
(15,65,11),
(15,73,12),
(15,62,13),
(15,66,14),
(15,61,15),
(16,76,1),
(16,77,2),
(16,78,3),
(16,79,4),
(16,80,5),
(16,81,6),
(16,82,7),
(16,83,8),
(16,84,9),
(16,85,10),
(16,86,11),
(16,87,12),
(16,88,13),
(16,89,14),
(16,90,15),
(17,88,1),
(17,77,2),
(17,76,3),
(17,79,4),
(17,86,5),
(17,85,6),
(17,84,7),
(17,82,8),
(17,90,9),
(17,78,10),
(17,83,11),
(17,87,12),
(17,89,13),
(17,80,14),
(17,81,15),
(18,90,1),
(18,82,2),
(18,84,3),
(18,78,4),
(18,83,5),
(18,85,6),
(18,87,7),
(18,86,8),
(18,89,9),
(18,79,10),
(18,80,11),
(18,88,12),
(18,77,13),
(18,81,14),
(18,76,15),
(19,91,1),
(19,92,2),
(19,93,3),
(19,94,4),
(19,95,5),
(19,96,6),
(19,97,7),
(19,98,8),
(19,99,9),
(19,100,10),
(19,101,11),
(19,102,12),
(19,103,13),
(19,104,14),
(19,105,15),
(20,103,1),
(20,92,2),
(20,91,3),
(20,94,4),
(20,101,5),
(20,100,6),
(20,99,7),
(20,97,8),
(20,105,9),
(20,93,10),
(20,98,11),
(20,102,12),
(20,104,13),
(20,95,14),
(20,96,15),
(21,105,1),
(21,97,2),
(21,99,3),
(21,93,4),
(21,98,5),
(21,100,6),
(21,102,7),
(21,101,8),
(21,104,9),
(21,94,10),
(21,95,11),
(21,103,12),
(21,92,13),
(21,96,14),
(21,91,15),
(22,106,1),
(22,107,2),
(22,108,3),
(22,109,4),
(22,110,5),
(22,111,6),
(22,112,7),
(22,113,8),
(22,114,9),
(22,115,10),
(22,116,11),
(22,117,12),
(22,118,13),
(22,119,14),
(22,120,15),
(23,118,1),
(23,107,2),
(23,106,3),
(23,109,4),
(23,116,5),
(23,115,6),
(23,114,7),
(23,112,8),
(23,120,9),
(23,108,10),
(23,113,11),
(23,117,12),
(23,119,13),
(23,110,14),
(23,111,15),
(24,120,1),
(24,112,2),
(24,114,3),
(24,108,4),
(24,113,5),
(24,115,6),
(24,117,7),
(24,116,8),
(24,119,9),
(24,109,10),
(24,110,11),
(24,118,12),
(24,107,13),
(24,111,14),
(24,106,15),
(25,121,1),
(25,122,2),
(25,123,3),
(25,124,4),
(25,125,5),
(25,126,6),
(25,127,7),
(25,128,8),
(25,129,9),
(25,130,10),
(25,131,11),
(25,132,12),
(25,133,13),
(25,134,14),
(25,135,15),
(26,133,1),
(26,122,2),
(26,121,3),
(26,124,4),
(26,131,5),
(26,130,6),
(26,129,7),
(26,127,8),
(26,135,9),
(26,123,10),
(26,128,11),
(26,132,12),
(26,134,13),
(26,125,14),
(26,126,15),
(27,135,1),
(27,127,2),
(27,129,3),
(27,123,4),
(27,128,5),
(27,130,6),
(27,132,7),
(27,131,8),
(27,134,9),
(27,124,10),
(27,125,11),
(27,133,12),
(27,122,13),
(27,126,14),
(27,121,15),
(28,136,1),
(28,137,2),
(28,138,3),
(28,139,4),
(28,140,5),
(28,141,6),
(28,142,7),
(28,143,8),
(28,144,9),
(28,145,10),
(28,146,11),
(28,147,12),
(28,148,13),
(28,149,14),
(28,150,15),
(29,148,1),
(29,137,2),
(29,136,3),
(29,139,4),
(29,146,5),
(29,145,6),
(29,144,7),
(29,142,8),
(29,150,9),
(29,138,10),
(29,143,11),
(29,147,12),
(29,149,13),
(29,140,14),
(29,141,15),
(30,150,1),
(30,142,2),
(30,144,3),
(30,138,4),
(30,143,5),
(30,145,6),
(30,147,7),
(30,146,8),
(30,149,9),
(30,139,10),
(30,140,11),
(30,148,12),
(30,137,13),
(30,141,14),
(30,136,15),
(31,151,1),
(31,152,2),
(31,153,3),
(31,154,4),
(31,155,5),
(31,156,6),
(31,157,7),
(31,158,8),
(31,159,9),
(31,160,10),
(31,161,11),
(31,162,12),
(31,163,13),
(31,164,14),
(31,165,15),
(32,163,1),
(32,152,2),
(32,151,3),
(32,154,4),
(32,161,5),
(32,160,6),
(32,159,7),
(32,157,8),
(32,165,9),
(32,153,10),
(32,158,11),
(32,162,12),
(32,164,13),
(32,155,14),
(32,156,15),
(33,165,1),
(33,157,2),
(33,159,3),
(33,153,4),
(33,158,5),
(33,160,6),
(33,162,7),
(33,161,8),
(33,164,9),
(33,154,10),
(33,155,11),
(33,163,12),
(33,152,13),
(33,156,14),
(33,151,15),
(34,166,1),
(34,167,2),
(34,168,3),
(34,169,4),
(34,170,5),
(34,171,6),
(34,172,7),
(34,173,8),
(34,174,9),
(34,175,10),
(34,176,11),
(34,177,12),
(34,178,13),
(34,179,14),
(34,180,15),
(35,178,1),
(35,167,2),
(35,166,3),
(35,169,4),
(35,176,5),
(35,175,6),
(35,174,7),
(35,172,8),
(35,180,9),
(35,168,10),
(35,173,11),
(35,177,12),
(35,179,13),
(35,170,14),
(35,171,15),
(36,180,1),
(36,172,2),
(36,174,3),
(36,168,4),
(36,173,5),
(36,175,6),
(36,177,7),
(36,176,8),
(36,179,9),
(36,169,10),
(36,170,11),
(36,178,12),
(36,167,13),
(36,171,14),
(36,166,15),
(37,181,1),
(37,182,2),
(37,183,3),
(37,184,4),
(37,185,5),
(37,186,6),
(37,187,7),
(37,188,8),
(37,189,9),
(37,190,10),
(37,191,11),
(37,192,12),
(37,193,13),
(37,194,14),
(37,195,15),
(38,193,1),
(38,182,2),
(38,181,3),
(38,184,4),
(38,191,5),
(38,190,6),
(38,189,7),
(38,187,8),
(38,195,9),
(38,183,10),
(38,188,11),
(38,192,12),
(38,194,13),
(38,185,14),
(38,186,15),
(39,195,1),
(39,187,2),
(39,189,3),
(39,183,4),
(39,188,5),
(39,190,6),
(39,192,7),
(39,191,8),
(39,194,9),
(39,184,10),
(39,185,11),
(39,193,12),
(39,182,13),
(39,186,14),
(39,181,15),
(40,196,1),
(40,197,2),
(40,198,3),
(40,199,4),
(40,200,5),
(40,201,6),
(40,202,7),
(40,203,8),
(40,204,9),
(40,205,10),
(40,206,11),
(40,207,12),
(40,208,13),
(40,209,14),
(40,210,15),
(41,208,1),
(41,197,2),
(41,196,3),
(41,199,4),
(41,206,5),
(41,205,6),
(41,204,7),
(41,202,8),
(41,210,9),
(41,198,10),
(41,203,11),
(41,207,12),
(41,209,13),
(41,200,14),
(41,201,15),
(42,210,1),
(42,202,2),
(42,204,3),
(42,198,4),
(42,203,5),
(42,205,6),
(42,207,7),
(42,206,8),
(42,209,9),
(42,199,10),
(42,200,11),
(42,208,12),
(42,197,13),
(42,201,14),
(42,196,15),
(43,211,1),
(43,212,2),
(43,213,3),
(43,214,4),
(43,215,5),
(43,216,6),
(43,217,7),
(43,218,8),
(43,219,9),
(43,220,10),
(43,221,11),
(43,222,12),
(43,223,13),
(43,224,14),
(43,225,15),
(44,223,1),
(44,212,2),
(44,211,3),
(44,214,4),
(44,221,5),
(44,220,6),
(44,219,7),
(44,217,8),
(44,225,9),
(44,213,10),
(44,218,11),
(44,222,12),
(44,224,13),
(44,215,14),
(44,216,15),
(45,225,1),
(45,217,2),
(45,219,3),
(45,213,4),
(45,218,5),
(45,220,6),
(45,222,7),
(45,221,8),
(45,224,9),
(45,214,10),
(45,215,11),
(45,223,12),
(45,212,13),
(45,216,14),
(45,211,15);

        